description,gender
escape city follow sun,female
opps,female
god lover family man living eternity bible reader car lover owner style pro creator smart sink tray,male
easily bored amused lethal combination doesnt make lot sense even,male
proud washington state university alum prouder boyfriend ohheylydia personal trainer big seattle sports fan go cougs,male
lodi dodi likes party cfc insta notjustbailey snapchat thebailey,male
ceo step serve organisation runs iwill campaign believe young people change world httptcopvqvpuxgi,female
average guy looking chat people,male
periodista especializada en marketing online comercio digital chica oldtownmagazine donde escribo de todo lo que interesa,female
advocate architecture urban design density mass transit,male
im living natural high,female
llk ogs executiveteam dont dm,female
spiritualist theosophist supporter religion freedom believe mouthy atheists blocked,male
cause ive thinking bout forever,female
love one another intensely pure heart hardinsimmons baseball,male
trauma center rpmv im real brains caduceus rest idiots bio httptconyfbxftq assisted lab fallenzerach,male
fave taking nap k gold crown still head would like one two sugars tea dear,female
vp operations coowner httptcoocmctkr business connoisseursports film savantgentleman lesuire,male
youngin tranna make hood using tools god gave adaptandovercome,male
falcons nation proverbs gods dead hockeytown boiiii,male
favs markiplier jacksepticeye stevoptweets bubblebutt c markipliershero septicarmy meowipliersquad dayyss x,male
enter something cool thought provoking,male
yrs old married yrs got sons zack owen xander love wwerohtna ok hhh best wrestler ever kevin owens future world champ,female
otrapink grades c c caca disgusting,male
independent video game developer personal account represent views employer read risk fun,male
chrisworld longlivetellz teamfreepac,male
go hang salami im lasagna hog,male
like heaven,female
thats spirit oliver sykes bring horizon oliver scott sykes gran amor eterno feel heart true friends,male
new music ddk money ft solidstar prod popito httptcoartwoalsk booking youngddkgmailcom,male
novelist blogger pethead social worker exnight kite gardening stops life getting rocknroll writes httptcokiehfmvvhj views,male
im girl trying get life one day time,female
im saving energy move airspace,male
spent lot time standing front microwave im,male
writer html design animal rights activist taiji volunteer orca protector seasheperd tweettaijii dolphinproject photo filming,male
professional photographer amateur everything else,male
one day youre seventeen planning someday quietly without ever really noticing someday today,female
think someday well buried side side feet matching coffins lifeless bodies rotting together eternity,female
watever,female
christian conservative upright girl w wayward bend responsible dreamer careless perfectionist churchgoing clubhopper authentic hypocrite,female
like buisness,male
child god,female
columbia english poli sci prelaw editor cpreviewonline editor culr officer cu scholars alliance writer upennpulj milk aficionado,female
defender secular spaces feminist sometimes writer sometimes reader,female
happy worse,male
follower jesus christ lover life people enfp starbucks partner,female
follow bliss make money squats squats,female
nothing see,female
dad husband advertising professional bodybuilder,male
pues nada solamente jazmn en tus sueos por siempre sigues te sigo rain,female
owner allergyfree glutenfree vegan sugarfree bakery sweet debbies organic cupcakes creator mouthwatering savory plantbased recipes,female
pandoran con artist turned vault hunter fulltime hyperion loather wanted least sixtytwo cities posttftb,female
guy without httptconlfpnywxs medical marijuana proponentveteranvietnam erahttptcodtqnfrgpoppop,male
god family friends ccc basketball,male
brazilian puerto rican black white capricorn im senior college uf tb,female
even night changes never change love one direction,male
african princess jamaican prince mickymousey sc imtupacin,female
humanity first priority adventures traveling tourist photography sports love nature live nature wish peaceful world sale,male
writerproducercreatororacle delivery leaderspeakingfreelyleadinginnovationnextoprahorstevejobs,female
feminism books tv shows allison argent superheroes delena peyton sawyer halsey cersei lannister raven cycle octavia blake christin,female
instagram briannaamurray,female
snore janet real name nonbinary lass shetheyeyyour fave nb pronoun esperanta konto jen hundstabejo,female
name stephanie n fountain im better known nikkoleon im silly artist likes many things little much free time c,female
thick thighs thin patience xx til die mel gf,female
im simple girl huge passion yarn ive opened online store please check also fighting endometriosis spreading awareness,female
awkward specialty like singing cats anime kdrama kpop metal sushi tumblr nintendo ptx pansexual demigirl sheher theythem,female
cheerful energetic thats real always keep support anime,female
partner financial risk management sydney australia,male
award winning singersongwritermodelactor book rickyjaybookinggmailcom press prrickyjarmancomi choose followback cuz every deserves feel important,male
never blame day life good days give happiness bad days give experience worst days give lesson staunch man utd ninja,male
ok,female
dont follow dont even know im going,female
new account chilled laidback musiclife short law student tomboy heartweird p,female
couldnt,male
select parts holladay im kind big deal,male
fat sad,female
youre fucking amazing person,male
essayist writing coach healer forever traveler empowering writers intuitive souls create inspired work fullest potential,female
bookings hit httpstcocbphy,male
huge northwich fan belfastgiants fan,female
independent chartered insurance broker taunton somerset advise businesses charities across south west beyond tweets pistonbroker,male
commercial director zignia live member board water happiness,male
ig dianaanicholee vine dianaanicholee,female
instagram kenz,female
guess weve daddy,male
born selenator,female
nothing happen swing bat,male
im fluent sarcasm,female
christian conservative texan news junkie teaparty crinsider,male
head heart strong,female
critically acclaimed playwright almost unsigned rapper freelance journalist,male
reporter globalnb covering nb legislature impacts stu jschool grad rural pei reweets endorsements,female
managing editor httptcoinfatttcx georgia southern eagles contributor httptcodowstdxzc scotch drinker cigar smoker loving life plains,male
capricorn future sc teelatoya ig teelatoyaa r,female
ljworld crime courts reporter kujournalism alumna writer lights sirens crime blog httptcomhucirpq,female
lukesaibum im eating halloween cookie,male
living dementia alzheimers suffering may enough time left see world without dementia hope see one accepts,male
mediapr pro talk talksportscotlandtonight bbcradioscot bfbs dep ed glasgow publications read hm queen kylie usain sarcasm irony,male
visit blog lifestyle living well want share journey creating living well lifestyle well help encourage,female
instagram onekeys snapchat onekeysgh email gnsafoahhotmailcom,male
lly wlly,female
bonniejean alford author artist actress shes founder creative communication specialist alford enterprises specialty communication firm,female
old school seguidor de las tres f feo fuerte formal el one piece lo tengo yo bendecida fue la causa de mi fortuna,male
dm pics ur dogs,female
corinthians clemson university alum,female
fucc feelings,female
gangster cutie viva mexico male bad ass mexican god forgives furry balls plopped menacingly table inc soutpark mexicano xiii idgaf,male
im asshole love dxpressedgee,male
traveling boots dancing shoes,female
im husband leah father gabby claire caleb im also founder citylife church philadelphia,male
currently listening sgfg crying,male
tomintoul distillery snapchat begey nicoleaimeep,male
im allergic cheatin hate failure love achievement,male
hes kinda beautiful,female
hey assbutt,male
mature transvestite living sticks lonely need friends tvchix,male
internist medical educator doctors trainings usmle step step ck step review courses drintraining httptcoccnohq,male
reporter keyetv former border reporter rgv maybornunt grad dallas native opinions expressed,female
